-- --------------------------------------------------------
-- Host:                         127.0.0.1
-- Server version:               8.0.31 - MySQL Community Server - GPL
-- Server OS:                    Win64
-- HeidiSQL Version:             12.5.0.6677
-- --------------------------------------------------------

/*!40101 SET @OLD_CHARACTER_SET_CLIENT=@@CHARACTER_SET_CLIENT */;
/*!40101 SET NAMES utf8 */;
/*!50503 SET NAMES utf8mb4 */;
/*!40103 SET @OLD_TIME_ZONE=@@TIME_ZONE */;
/*!40103 SET TIME_ZONE='+00:00' */;
/*!40014 SET @OLD_FOREIGN_KEY_CHECKS=@@FOREIGN_KEY_CHECKS, FOREIGN_KEY_CHECKS=0 */;
/*!40101 SET @OLD_SQL_MODE=@@SQL_MODE, SQL_MODE='NO_AUTO_VALUE_ON_ZERO' */;
/*!40111 SET @OLD_SQL_NOTES=@@SQL_NOTES, SQL_NOTES=0 */;


-- Dumping database structure for db_logistic
CREATE DATABASE IF NOT EXISTS `db_logistic` /*!40100 DEFAULT CHARACTER SET utf8mb4 COLLATE utf8mb4_general_ci */ /*!80016 DEFAULT ENCRYPTION='N' */;
USE `db_logistic`;

-- Dumping structure for table db_logistic.criteria_lapangan
CREATE TABLE IF NOT EXISTS `criteria_lapangan` (
  `criteria_id` int NOT NULL AUTO_INCREMENT,
  `criteria_name` varchar(255) COLLATE utf8mb4_general_ci DEFAULT NULL,
  PRIMARY KEY (`criteria_id`)
) ENGINE=InnoDB DEFAULT CHARSET=utf8mb4 COLLATE=utf8mb4_general_ci;

-- Dumping data for table db_logistic.criteria_lapangan: ~7 rows (approximately)
INSERT INTO `criteria_lapangan` (`criteria_id`, `criteria_name`) VALUES
	(1, 'PEMILIHAN & TUJUAN PROYEK PERBAIKAN '),
	(2, 'PENETAPAN TARGET PROYEK PERBAIKAN'),
	(3, 'ANALISA SITUASI & PENENTUAN FAKTOR PENYEBAB MASALAH UTAMA\r\n'),
	(4, 'PENGEMBANGAN & RENCANA SOLUSI PERBAIKAN'),
	(5, 'IMPLEMENTASI SOLUSI PERBAIKAN'),
	(6, 'EVALUASI HASIL PERBAIKAN'),
	(7, 'PENGENDALIAN DAN STANDARISASI');

-- Dumping structure for table db_logistic.multiple_choice_lapangan
CREATE TABLE IF NOT EXISTS `multiple_choice_lapangan` (
  `choice_id` int NOT NULL AUTO_INCREMENT,
  `choice_value` double DEFAULT NULL,
  `question_id` int DEFAULT NULL,
  PRIMARY KEY (`choice_id`),
  KEY `FKrmvyshef5iv5mp6m2yopn5xat` (`question_id`),
  CONSTRAINT `FKrmvyshef5iv5mp6m2yopn5xat` FOREIGN KEY (`question_id`) REFERENCES `questions_lapangan` (`question_id`)
) ENGINE=InnoDB AUTO_INCREMENT=190 DEFAULT CHARSET=utf8mb4 COLLATE=utf8mb4_general_ci;

-- Dumping data for table db_logistic.multiple_choice_lapangan: ~164 rows (approximately)
INSERT INTO `multiple_choice_lapangan` (`choice_id`, `choice_value`, `question_id`) VALUES
	(26, 1, 1),
	(27, 0.75, 1),
	(28, 0.5, 1),
	(29, 0.3, 1),
	(30, 1, 2),
	(31, 0.75, 2),
	(32, 0.5, 2),
	(33, 0.3, 2),
	(34, 1, 3),
	(35, 0.75, 3),
	(36, 0.5, 3),
	(37, 0.3, 3),
	(38, 1, 4),
	(39, 0.75, 4),
	(40, 0.5, 4),
	(41, 0.3, 4),
	(42, 1, 5),
	(43, 0.75, 5),
	(44, 0.5, 5),
	(45, 0.3, 5),
	(46, 1, 6),
	(47, 0.75, 6),
	(48, 0.5, 6),
	(49, 0.3, 6),
	(50, 1, 7),
	(51, 0.75, 7),
	(52, 0.5, 7),
	(53, 0.3, 7),
	(54, 0.75, 8),
	(55, 0.56, 8),
	(56, 0.38, 8),
	(57, 0.23, 8),
	(58, 1, 9),
	(59, 0.75, 9),
	(60, 0.5, 9),
	(61, 0.3, 9),
	(62, 1, 10),
	(63, 0.75, 10),
	(64, 0.5, 10),
	(65, 0.3, 10),
	(66, 1, 11),
	(67, 0.75, 11),
	(68, 0.5, 11),
	(69, 0.3, 11),
	(70, 2, 12),
	(71, 1.5, 12),
	(72, 1, 12),
	(73, 0.6, 12),
	(74, 2, 13),
	(75, 1.5, 13),
	(76, 1, 13),
	(77, 0.6, 13),
	(78, 2, 14),
	(79, 1.5, 14),
	(80, 1, 14),
	(81, 0.6, 14),
	(82, 1, 15),
	(83, 0.75, 15),
	(84, 0.5, 15),
	(85, 0.3, 15),
	(86, 1, 16),
	(87, 0.75, 16),
	(88, 0.5, 16),
	(89, 0.3, 16),
	(90, 1, 17),
	(91, 0.75, 17),
	(92, 0.5, 17),
	(93, 0.3, 17),
	(94, 1, 18),
	(95, 0.75, 18),
	(96, 0.5, 18),
	(97, 0.3, 18),
	(98, 2, 19),
	(99, 1.5, 19),
	(100, 1, 19),
	(101, 0.6, 19),
	(102, 1, 20),
	(103, 0.75, 20),
	(104, 0.5, 20),
	(105, 0.3, 20),
	(106, 1, 21),
	(107, 0.75, 21),
	(108, 0.5, 21),
	(109, 0.3, 21),
	(110, 1, 22),
	(111, 0.75, 22),
	(112, 0.5, 22),
	(113, 0.3, 22),
	(114, 2, 23),
	(115, 1.5, 23),
	(116, 1, 23),
	(117, 0.6, 23),
	(118, 2, 24),
	(119, 1.5, 24),
	(120, 1, 24),
	(121, 0.6, 24),
	(122, 10, 25),
	(123, 7.5, 25),
	(124, 5, 25),
	(125, 3.6, 25),
	(126, 10, 26),
	(127, 7.5, 26),
	(128, 5, 26),
	(129, 3.6, 26),
	(130, 10, 27),
	(131, 7.5, 27),
	(132, 5, 27),
	(133, 3.6, 27),
	(134, 5, 28),
	(135, 3.75, 28),
	(136, 2.5, 28),
	(137, 1.5, 28),
	(138, 5, 29),
	(139, 3.75, 29),
	(140, 2.5, 29),
	(141, 1.5, 29),
	(142, 3.33, 30),
	(143, 3.75, 30),
	(144, 1.67, 30),
	(145, 1, 30),
	(146, 3.33, 31),
	(147, 3.75, 31),
	(148, 1.67, 31),
	(149, 1, 31),
	(150, 3.33, 32),
	(151, 3.75, 32),
	(152, 1.67, 32),
	(153, 1, 32),
	(154, 10, 33),
	(155, 7.5, 33),
	(156, 5, 33),
	(157, 3.6, 33),
	(158, 1, 34),
	(159, 0.75, 34),
	(160, 0.5, 34),
	(161, 0.3, 34),
	(162, 1, 35),
	(163, 0.75, 35),
	(164, 0.5, 35),
	(165, 0.3, 35),
	(166, 1, 36),
	(167, 0.75, 36),
	(168, 0.5, 36),
	(169, 0.3, 36),
	(170, 1, 37),
	(171, 0.75, 37),
	(172, 0.5, 37),
	(173, 0.3, 37),
	(174, 1, 38),
	(175, 0.75, 38),
	(176, 0.5, 38),
	(177, 0.3, 38),
	(178, 1.5, 39),
	(179, 1.13, 39),
	(180, 0.75, 39),
	(181, 0.5, 39),
	(182, 1.5, 40),
	(183, 1.13, 40),
	(184, 0.75, 40),
	(185, 0.5, 40),
	(186, 2, 41),
	(187, 1.5, 41),
	(188, 1, 41),
	(189, 0.5, 41);

-- Dumping structure for table db_logistic.nilai_lapangan
CREATE TABLE IF NOT EXISTS `nilai_lapangan` (
  `nilai_id` int NOT NULL AUTO_INCREMENT,
  `nilai` double DEFAULT NULL,
  `team_name` varchar(50) COLLATE utf8mb4_general_ci DEFAULT NULL,
  `username` varchar(50) CHARACTER SET utf8mb4 COLLATE utf8mb4_general_ci DEFAULT NULL,
  `question_id` int NOT NULL,
  `timestamp` date DEFAULT NULL,
  PRIMARY KEY (`nilai_id`)
) ENGINE=InnoDB AUTO_INCREMENT=2883 DEFAULT CHARSET=utf8mb4 COLLATE=utf8mb4_general_ci;

-- Dumping data for table db_logistic.nilai_lapangan: ~669 rows (approximately)
INSERT INTO `nilai_lapangan` (`nilai_id`, `nilai`, `team_name`, `username`, `question_id`, `timestamp`) VALUES
	(1735, 0.5, 'ampibi', 'wiz', 1, '2023-11-14'),
	(1736, 0.3, 'ampibi', 'wiz', 2, '2023-11-14'),
	(1737, 0.5, 'ampibi', 'wiz', 3, '2023-11-14'),
	(1738, 0.75, 'ampibi', 'wiz', 4, '2023-11-14'),
	(1739, 0.3, 'ampibi', 'wiz', 5, '2023-11-14'),
	(1740, 0.5, 'ampibi', 'wiz', 6, '2023-11-14'),
	(1741, 1, 'ampibi', 'wiz', 7, '2023-11-14'),
	(1742, 0.23, 'ampibi', 'wiz', 8, '2023-11-14'),
	(1743, 0.3, 'ampibi', 'wiz', 9, '2023-11-14'),
	(1744, 0.3, 'ampibi', 'wiz', 10, '2023-11-14'),
	(1745, 0.5, 'ampibi', 'wiz', 11, '2023-11-14'),
	(1746, 0.6, 'ampibi', 'wiz', 12, '2023-11-14'),
	(1747, 2, 'ampibi', 'wiz', 13, '2023-11-14'),
	(1748, 2, 'ampibi', 'wiz', 14, '2023-11-14'),
	(1749, 1, 'ampibi', 'wiz', 15, '2023-11-14'),
	(1750, 0.5, 'ampibi', 'wiz', 16, '2023-11-14'),
	(1751, 0.75, 'ampibi', 'wiz', 17, '2023-11-14'),
	(1752, 0.5, 'ampibi', 'wiz', 18, '2023-11-14'),
	(1753, 0.6, 'ampibi', 'wiz', 19, '2023-11-14'),
	(1754, 1, 'ampibi', 'wiz', 20, '2023-11-14'),
	(1755, 0.3, 'ampibi', 'wiz', 21, '2023-11-14'),
	(1756, 1, 'ampibi', 'wiz', 22, '2023-11-14'),
	(1757, 1.5, 'ampibi', 'wiz', 23, '2023-11-14'),
	(1758, 1.5, 'ampibi', 'wiz', 24, '2023-11-14'),
	(1759, 3.6, 'ampibi', 'wiz', 25, '2023-11-14'),
	(1760, 10, 'ampibi', 'wiz', 26, '2023-11-14'),
	(1761, 3.6, 'ampibi', 'wiz', 27, '2023-11-14'),
	(1762, 5, 'ampibi', 'wiz', 28, '2023-11-14'),
	(1763, 3.75, 'ampibi', 'wiz', 29, '2023-11-14'),
	(1764, 1, 'ampibi', 'wiz', 30, '2023-11-14'),
	(1765, 3.75, 'ampibi', 'wiz', 31, '2023-11-14'),
	(1766, 3.33, 'ampibi', 'wiz', 32, '2023-11-14'),
	(1767, 3.6, 'ampibi', 'wiz', 33, '2023-11-14'),
	(1768, 0.3, 'ampibi', 'wiz', 34, '2023-11-14'),
	(1769, 1, 'ampibi', 'wiz', 35, '2023-11-14'),
	(1770, 0.75, 'ampibi', 'wiz', 36, '2023-11-14'),
	(1771, 0.75, 'ampibi', 'wiz', 37, '2023-11-14'),
	(1772, 1, 'ampibi', 'wiz', 38, '2023-11-14'),
	(1773, 0.5, 'ampibi', 'wiz', 39, '2023-11-14'),
	(1774, 1.13, 'ampibi', 'wiz', 40, '2023-11-14'),
	(1775, 0.5, 'ampibi', 'wiz', 41, '2023-11-14'),
	(1817, 1, 'ares', 'wiz', 1, '2023-11-14'),
	(1818, 0.5, 'ares', 'wiz', 2, '2023-11-14'),
	(1819, 0.75, 'ares', 'wiz', 3, '2023-11-14'),
	(1820, 1, 'ares', 'wiz', 4, '2023-11-14'),
	(1821, 0.3, 'ares', 'wiz', 5, '2023-11-14'),
	(1822, 1, 'ares', 'wiz', 6, '2023-11-14'),
	(1823, 0.75, 'ares', 'wiz', 7, '2023-11-14'),
	(1824, 0.23, 'ares', 'wiz', 8, '2023-11-14'),
	(1825, 0.5, 'ares', 'wiz', 9, '2023-11-14'),
	(1826, 1, 'ares', 'wiz', 10, '2023-11-14'),
	(1827, 0.75, 'ares', 'wiz', 11, '2023-11-14'),
	(1828, 1.5, 'ares', 'wiz', 12, '2023-11-14'),
	(1829, 1, 'ares', 'wiz', 13, '2023-11-14'),
	(1830, 1.5, 'ares', 'wiz', 14, '2023-11-14'),
	(1831, 0.5, 'ares', 'wiz', 15, '2023-11-14'),
	(1832, 1, 'ares', 'wiz', 16, '2023-11-14'),
	(1833, 0.3, 'ares', 'wiz', 17, '2023-11-14'),
	(1834, 0.5, 'ares', 'wiz', 18, '2023-11-14'),
	(1835, 1.5, 'ares', 'wiz', 19, '2023-11-14'),
	(1836, 1, 'ares', 'wiz', 20, '2023-11-14'),
	(1837, 1, 'ares', 'wiz', 21, '2023-11-14'),
	(1838, 0.5, 'ares', 'wiz', 22, '2023-11-14'),
	(1839, 2, 'ares', 'wiz', 23, '2023-11-14'),
	(1840, 1.5, 'ares', 'wiz', 24, '2023-11-14'),
	(1841, 10, 'ares', 'wiz', 25, '2023-11-14'),
	(1842, 7.5, 'ares', 'wiz', 26, '2023-11-14'),
	(1843, 3.6, 'ares', 'wiz', 27, '2023-11-14'),
	(1844, 3.75, 'ares', 'wiz', 28, '2023-11-14'),
	(1845, 1.5, 'ares', 'wiz', 29, '2023-11-14'),
	(1846, 3.33, 'ares', 'wiz', 30, '2023-11-14'),
	(1847, 3.75, 'ares', 'wiz', 31, '2023-11-14'),
	(1848, 3.75, 'ares', 'wiz', 32, '2023-11-14'),
	(1849, 7.5, 'ares', 'wiz', 33, '2023-11-14'),
	(1850, 0.75, 'ares', 'wiz', 34, '2023-11-14'),
	(1851, 0.75, 'ares', 'wiz', 35, '2023-11-14'),
	(1852, 0.75, 'ares', 'wiz', 36, '2023-11-14'),
	(1853, 0.3, 'ares', 'wiz', 37, '2023-11-14'),
	(1854, 1, 'ares', 'wiz', 38, '2023-11-14'),
	(1855, 0.5, 'ares', 'wiz', 39, '2023-11-14'),
	(1856, 0.5, 'ares', 'wiz', 40, '2023-11-14'),
	(1857, 1, 'ares', 'wiz', 41, '2023-11-14'),
	(1858, 0.3, 'coc', 'wiz', 1, '2023-11-14'),
	(1859, 0.5, 'coc', 'wiz', 2, '2023-11-14'),
	(1860, 0.3, 'coc', 'wiz', 3, '2023-11-14'),
	(1861, 0.5, 'coc', 'wiz', 4, '2023-11-14'),
	(1862, 0.3, 'coc', 'wiz', 5, '2023-11-14'),
	(1863, 1, 'coc', 'wiz', 6, '2023-11-14'),
	(1864, 0.3, 'coc', 'wiz', 7, '2023-11-14'),
	(1865, 0.38, 'coc', 'wiz', 8, '2023-11-14'),
	(1866, 0.5, 'coc', 'wiz', 9, '2023-11-14'),
	(1867, 1, 'coc', 'wiz', 10, '2023-11-14'),
	(1868, 0.75, 'coc', 'wiz', 11, '2023-11-14'),
	(1869, 2, 'coc', 'wiz', 12, '2023-11-14'),
	(1870, 0.6, 'coc', 'wiz', 13, '2023-11-14'),
	(1871, 1.5, 'coc', 'wiz', 14, '2023-11-14'),
	(1872, 1, 'coc', 'wiz', 15, '2023-11-14'),
	(1873, 1, 'coc', 'wiz', 16, '2023-11-14'),
	(1874, 0.75, 'coc', 'wiz', 17, '2023-11-14'),
	(1875, 0.75, 'coc', 'wiz', 18, '2023-11-14'),
	(1876, 2, 'coc', 'wiz', 19, '2023-11-14'),
	(1877, 0.3, 'coc', 'wiz', 20, '2023-11-14'),
	(1878, 1, 'coc', 'wiz', 21, '2023-11-14'),
	(1879, 1, 'coc', 'wiz', 22, '2023-11-14'),
	(1880, 1, 'coc', 'wiz', 23, '2023-11-14'),
	(1881, 1, 'coc', 'wiz', 24, '2023-11-14'),
	(1882, 10, 'coc', 'wiz', 25, '2023-11-14'),
	(1883, 7.5, 'coc', 'wiz', 26, '2023-11-14'),
	(1884, 10, 'coc', 'wiz', 27, '2023-11-14'),
	(1885, 5, 'coc', 'wiz', 28, '2023-11-14'),
	(1886, 1.5, 'coc', 'wiz', 29, '2023-11-14'),
	(1887, 1.67, 'coc', 'wiz', 30, '2023-11-14'),
	(1888, 1.67, 'coc', 'wiz', 31, '2023-11-14'),
	(1889, 1, 'coc', 'wiz', 32, '2023-11-14'),
	(1890, 5, 'coc', 'wiz', 33, '2023-11-14'),
	(1891, 0.75, 'coc', 'wiz', 34, '2023-11-14'),
	(1892, 0.75, 'coc', 'wiz', 35, '2023-11-14'),
	(1893, 1, 'coc', 'wiz', 36, '2023-11-14'),
	(1894, 0.5, 'coc', 'wiz', 37, '2023-11-14'),
	(1895, 0.5, 'coc', 'wiz', 38, '2023-11-14'),
	(1896, 0.75, 'coc', 'wiz', 39, '2023-11-14'),
	(1897, 1.13, 'coc', 'wiz', 40, '2023-11-14'),
	(1898, 2, 'coc', 'wiz', 41, '2023-11-14'),
	(1899, 0.75, 'semongko', 'wiz', 1, '2023-11-14'),
	(1900, 0.75, 'semongko', 'wiz', 2, '2023-11-14'),
	(1901, 0.3, 'semongko', 'wiz', 3, '2023-11-14'),
	(1902, 0.75, 'semongko', 'wiz', 4, '2023-11-14'),
	(1903, 0.5, 'semongko', 'wiz', 5, '2023-11-14'),
	(1904, 0.5, 'semongko', 'wiz', 6, '2023-11-14'),
	(1905, 0.3, 'semongko', 'wiz', 7, '2023-11-14'),
	(1906, 0.23, 'semongko', 'wiz', 8, '2023-11-14'),
	(1907, 0.75, 'semongko', 'wiz', 9, '2023-11-14'),
	(1908, 1, 'semongko', 'wiz', 10, '2023-11-14'),
	(1909, 0.3, 'semongko', 'wiz', 11, '2023-11-14'),
	(1910, 1, 'semongko', 'wiz', 12, '2023-11-14'),
	(1911, 1.5, 'semongko', 'wiz', 13, '2023-11-14'),
	(1912, 1.5, 'semongko', 'wiz', 14, '2023-11-14'),
	(1913, 0.75, 'semongko', 'wiz', 15, '2023-11-14'),
	(1914, 0.3, 'semongko', 'wiz', 16, '2023-11-14'),
	(1915, 0.75, 'semongko', 'wiz', 17, '2023-11-14'),
	(1916, 1, 'semongko', 'wiz', 18, '2023-11-14'),
	(1917, 2, 'semongko', 'wiz', 19, '2023-11-14'),
	(1918, 1, 'semongko', 'wiz', 20, '2023-11-14'),
	(1919, 0.5, 'semongko', 'wiz', 21, '2023-11-14'),
	(1920, 0.5, 'semongko', 'wiz', 22, '2023-11-14'),
	(1921, 0.6, 'semongko', 'wiz', 23, '2023-11-14'),
	(1922, 1.5, 'semongko', 'wiz', 24, '2023-11-14'),
	(1923, 10, 'semongko', 'wiz', 25, '2023-11-14'),
	(1924, 3.6, 'semongko', 'wiz', 26, '2023-11-14'),
	(1925, 5, 'semongko', 'wiz', 27, '2023-11-14'),
	(1926, 5, 'semongko', 'wiz', 28, '2023-11-14'),
	(1927, 3.75, 'semongko', 'wiz', 29, '2023-11-14'),
	(1928, 3.75, 'semongko', 'wiz', 30, '2023-11-14'),
	(1929, 1, 'semongko', 'wiz', 31, '2023-11-14'),
	(1930, 1.67, 'semongko', 'wiz', 32, '2023-11-14'),
	(1931, 5, 'semongko', 'wiz', 33, '2023-11-14'),
	(1932, 0.5, 'semongko', 'wiz', 34, '2023-11-14'),
	(1933, 0.5, 'semongko', 'wiz', 35, '2023-11-14'),
	(1934, 0.75, 'semongko', 'wiz', 36, '2023-11-14'),
	(1935, 0.5, 'semongko', 'wiz', 37, '2023-11-14'),
	(1936, 0.3, 'semongko', 'wiz', 38, '2023-11-14'),
	(1937, 0.75, 'semongko', 'wiz', 39, '2023-11-14'),
	(1938, 0.75, 'semongko', 'wiz', 40, '2023-11-14'),
	(1939, 0.5, 'semongko', 'wiz', 41, '2023-11-14'),
	(1981, 0.3, 'sugoi', 'wiz', 1, '2023-11-14'),
	(1982, 1, 'sugoi', 'wiz', 2, '2023-11-14'),
	(1983, 0.75, 'sugoi', 'wiz', 3, '2023-11-14'),
	(1984, 1, 'sugoi', 'wiz', 4, '2023-11-14'),
	(1985, 0.5, 'sugoi', 'wiz', 5, '2023-11-14'),
	(1986, 0.75, 'sugoi', 'wiz', 6, '2023-11-14'),
	(1987, 0.75, 'sugoi', 'wiz', 7, '2023-11-14'),
	(1988, 0.56, 'sugoi', 'wiz', 8, '2023-11-14'),
	(1989, 0.5, 'sugoi', 'wiz', 9, '2023-11-14'),
	(1990, 0.5, 'sugoi', 'wiz', 10, '2023-11-14'),
	(1991, 0.3, 'sugoi', 'wiz', 11, '2023-11-14'),
	(1992, 1, 'sugoi', 'wiz', 12, '2023-11-14'),
	(1993, 1.5, 'sugoi', 'wiz', 13, '2023-11-14'),
	(1994, 1, 'sugoi', 'wiz', 14, '2023-11-14'),
	(1995, 0.75, 'sugoi', 'wiz', 15, '2023-11-14'),
	(1996, 0.5, 'sugoi', 'wiz', 16, '2023-11-14'),
	(1997, 0.5, 'sugoi', 'wiz', 17, '2023-11-14'),
	(1998, 0.75, 'sugoi', 'wiz', 18, '2023-11-14'),
	(1999, 2, 'sugoi', 'wiz', 19, '2023-11-14'),
	(2000, 0.75, 'sugoi', 'wiz', 20, '2023-11-14'),
	(2001, 0.75, 'sugoi', 'wiz', 21, '2023-11-14'),
	(2002, 0.5, 'sugoi', 'wiz', 22, '2023-11-14'),
	(2003, 0.6, 'sugoi', 'wiz', 23, '2023-11-14'),
	(2004, 1.5, 'sugoi', 'wiz', 24, '2023-11-14'),
	(2005, 10, 'sugoi', 'wiz', 25, '2023-11-14'),
	(2006, 10, 'sugoi', 'wiz', 26, '2023-11-14'),
	(2007, 7.5, 'sugoi', 'wiz', 27, '2023-11-14'),
	(2008, 3.75, 'sugoi', 'wiz', 28, '2023-11-14'),
	(2009, 2.5, 'sugoi', 'wiz', 29, '2023-11-14'),
	(2010, 3.33, 'sugoi', 'wiz', 30, '2023-11-14'),
	(2011, 3.75, 'sugoi', 'wiz', 31, '2023-11-14'),
	(2012, 1.67, 'sugoi', 'wiz', 32, '2023-11-14'),
	(2013, 3.6, 'sugoi', 'wiz', 33, '2023-11-14'),
	(2014, 0.75, 'sugoi', 'wiz', 34, '2023-11-14'),
	(2015, 0.5, 'sugoi', 'wiz', 35, '2023-11-14'),
	(2016, 0.5, 'sugoi', 'wiz', 36, '2023-11-14'),
	(2017, 0.3, 'sugoi', 'wiz', 37, '2023-11-14'),
	(2018, 1, 'sugoi', 'wiz', 38, '2023-11-14'),
	(2019, 1.5, 'sugoi', 'wiz', 39, '2023-11-14'),
	(2020, 0.75, 'sugoi', 'wiz', 40, '2023-11-14'),
	(2021, 1, 'sugoi', 'wiz', 41, '2023-11-14'),
	(2022, 0.75, 'aladin', 'wiz', 1, '2023-11-14'),
	(2023, 0.3, 'aladin', 'wiz', 2, '2023-11-14'),
	(2024, 0.5, 'aladin', 'wiz', 3, '2023-11-14'),
	(2025, 0.75, 'aladin', 'wiz', 4, '2023-11-14'),
	(2026, 0.75, 'aladin', 'wiz', 5, '2023-11-14'),
	(2027, 0.3, 'aladin', 'wiz', 6, '2023-11-14'),
	(2028, 0.5, 'aladin', 'wiz', 7, '2023-11-14'),
	(2029, 0.56, 'aladin', 'wiz', 8, '2023-11-14'),
	(2030, 0.3, 'aladin', 'wiz', 9, '2023-11-14'),
	(2031, 0.5, 'aladin', 'wiz', 10, '2023-11-14'),
	(2032, 1, 'aladin', 'wiz', 11, '2023-11-14'),
	(2033, 1, 'aladin', 'wiz', 12, '2023-11-14'),
	(2034, 2, 'aladin', 'wiz', 13, '2023-11-14'),
	(2035, 0.6, 'aladin', 'wiz', 14, '2023-11-14'),
	(2036, 0.75, 'aladin', 'wiz', 15, '2023-11-14'),
	(2037, 0.75, 'aladin', 'wiz', 16, '2023-11-14'),
	(2038, 1, 'aladin', 'wiz', 17, '2023-11-14'),
	(2039, 1, 'aladin', 'wiz', 18, '2023-11-14'),
	(2040, 0.6, 'aladin', 'wiz', 19, '2023-11-14'),
	(2041, 0.5, 'aladin', 'wiz', 20, '2023-11-14'),
	(2042, 0.3, 'aladin', 'wiz', 21, '2023-11-14'),
	(2043, 1, 'aladin', 'wiz', 22, '2023-11-14'),
	(2044, 1, 'aladin', 'wiz', 23, '2023-11-14'),
	(2045, 2, 'aladin', 'wiz', 24, '2023-11-14'),
	(2046, 5, 'aladin', 'wiz', 25, '2023-11-14'),
	(2047, 10, 'aladin', 'wiz', 26, '2023-11-14'),
	(2048, 3.6, 'aladin', 'wiz', 27, '2023-11-14'),
	(2049, 5, 'aladin', 'wiz', 28, '2023-11-14'),
	(2050, 3.75, 'aladin', 'wiz', 29, '2023-11-14'),
	(2051, 3.75, 'aladin', 'wiz', 30, '2023-11-14'),
	(2052, 3.33, 'aladin', 'wiz', 31, '2023-11-14'),
	(2053, 1, 'aladin', 'wiz', 32, '2023-11-14'),
	(2054, 7.5, 'aladin', 'wiz', 33, '2023-11-14'),
	(2055, 0.5, 'aladin', 'wiz', 34, '2023-11-14'),
	(2056, 1, 'aladin', 'wiz', 35, '2023-11-14'),
	(2057, 1, 'aladin', 'wiz', 36, '2023-11-14'),
	(2058, 0.75, 'aladin', 'wiz', 37, '2023-11-14'),
	(2059, 0.5, 'aladin', 'wiz', 38, '2023-11-14'),
	(2060, 1.5, 'aladin', 'wiz', 39, '2023-11-14'),
	(2061, 1.5, 'aladin', 'wiz', 40, '2023-11-14'),
	(2062, 1, 'aladin', 'wiz', 41, '2023-11-14'),
	(2063, 0.75, 'pilot', 'wiz', 1, '2023-11-14'),
	(2064, 0.5, 'pilot', 'wiz', 2, '2023-11-14'),
	(2065, 0.5, 'pilot', 'wiz', 3, '2023-11-14'),
	(2066, 0.75, 'pilot', 'wiz', 4, '2023-11-14'),
	(2067, 1, 'pilot', 'wiz', 5, '2023-11-14'),
	(2068, 1, 'pilot', 'wiz', 6, '2023-11-14'),
	(2069, 0.5, 'pilot', 'wiz', 7, '2023-11-14'),
	(2070, 0.38, 'pilot', 'wiz', 8, '2023-11-14'),
	(2071, 0.3, 'pilot', 'wiz', 9, '2023-11-14'),
	(2072, 0.75, 'pilot', 'wiz', 10, '2023-11-14'),
	(2073, 0.75, 'pilot', 'wiz', 11, '2023-11-14'),
	(2074, 2, 'pilot', 'wiz', 12, '2023-11-14'),
	(2075, 2, 'pilot', 'wiz', 13, '2023-11-14'),
	(2076, 2, 'pilot', 'wiz', 14, '2023-11-14'),
	(2077, 0.5, 'pilot', 'wiz', 15, '2023-11-14'),
	(2078, 0.3, 'pilot', 'wiz', 16, '2023-11-14'),
	(2079, 1, 'pilot', 'wiz', 17, '2023-11-14'),
	(2080, 0.3, 'pilot', 'wiz', 18, '2023-11-14'),
	(2081, 0.6, 'pilot', 'wiz', 19, '2023-11-14'),
	(2082, 1, 'pilot', 'wiz', 20, '2023-11-14'),
	(2083, 1, 'pilot', 'wiz', 21, '2023-11-14'),
	(2084, 0.5, 'pilot', 'wiz', 22, '2023-11-14'),
	(2085, 2, 'pilot', 'wiz', 23, '2023-11-14'),
	(2086, 1, 'pilot', 'wiz', 24, '2023-11-14'),
	(2087, 5, 'pilot', 'wiz', 25, '2023-11-14'),
	(2088, 10, 'pilot', 'wiz', 26, '2023-11-14'),
	(2089, 7.5, 'pilot', 'wiz', 27, '2023-11-14'),
	(2090, 2.5, 'pilot', 'wiz', 28, '2023-11-14'),
	(2091, 1.5, 'pilot', 'wiz', 29, '2023-11-14'),
	(2092, 1.67, 'pilot', 'wiz', 30, '2023-11-14'),
	(2093, 3.33, 'pilot', 'wiz', 31, '2023-11-14'),
	(2094, 3.75, 'pilot', 'wiz', 32, '2023-11-14'),
	(2095, 3.6, 'pilot', 'wiz', 33, '2023-11-14'),
	(2096, 0.3, 'pilot', 'wiz', 34, '2023-11-14'),
	(2097, 0.3, 'pilot', 'wiz', 35, '2023-11-14'),
	(2098, 0.75, 'pilot', 'wiz', 36, '2023-11-14'),
	(2099, 1, 'pilot', 'wiz', 37, '2023-11-14'),
	(2100, 0.75, 'pilot', 'wiz', 38, '2023-11-14'),
	(2101, 0.75, 'pilot', 'wiz', 39, '2023-11-14'),
	(2102, 1.5, 'pilot', 'wiz', 40, '2023-11-14'),
	(2103, 0.5, 'pilot', 'wiz', 41, '2023-11-14'),
	(2309, 0.75, 'terasi', 'wiz', 1, '2023-11-14'),
	(2310, 0.75, 'terasi', 'wiz', 2, '2023-11-14'),
	(2311, 0.3, 'terasi', 'wiz', 3, '2023-11-14'),
	(2312, 0.5, 'terasi', 'wiz', 4, '2023-11-14'),
	(2313, 0.75, 'terasi', 'wiz', 5, '2023-11-14'),
	(2314, 1, 'terasi', 'wiz', 6, '2023-11-14'),
	(2315, 1, 'terasi', 'wiz', 7, '2023-11-14'),
	(2316, 0.75, 'terasi', 'wiz', 8, '2023-11-14'),
	(2317, 0.3, 'terasi', 'wiz', 9, '2023-11-14'),
	(2318, 0.75, 'terasi', 'wiz', 10, '2023-11-14'),
	(2319, 0.75, 'terasi', 'wiz', 11, '2023-11-14'),
	(2320, 1, 'terasi', 'wiz', 12, '2023-11-14'),
	(2321, 1, 'terasi', 'wiz', 13, '2023-11-14'),
	(2322, 1.5, 'terasi', 'wiz', 14, '2023-11-14'),
	(2323, 0.75, 'terasi', 'wiz', 15, '2023-11-14'),
	(2324, 1, 'terasi', 'wiz', 16, '2023-11-14'),
	(2325, 0.75, 'terasi', 'wiz', 17, '2023-11-14'),
	(2326, 0.75, 'terasi', 'wiz', 18, '2023-11-14'),
	(2327, 1, 'terasi', 'wiz', 19, '2023-11-14'),
	(2328, 1, 'terasi', 'wiz', 20, '2023-11-14'),
	(2329, 0.3, 'terasi', 'wiz', 21, '2023-11-14'),
	(2330, 1, 'terasi', 'wiz', 22, '2023-11-14'),
	(2331, 1, 'terasi', 'wiz', 23, '2023-11-14'),
	(2332, 1.5, 'terasi', 'wiz', 24, '2023-11-14'),
	(2333, 10, 'terasi', 'wiz', 25, '2023-11-14'),
	(2334, 5, 'terasi', 'wiz', 26, '2023-11-14'),
	(2335, 7.5, 'terasi', 'wiz', 27, '2023-11-14'),
	(2336, 2.5, 'terasi', 'wiz', 28, '2023-11-14'),
	(2337, 1.5, 'terasi', 'wiz', 29, '2023-11-14'),
	(2338, 1, 'terasi', 'wiz', 30, '2023-11-14'),
	(2339, 1, 'terasi', 'wiz', 31, '2023-11-14'),
	(2340, 3.33, 'terasi', 'wiz', 32, '2023-11-14'),
	(2341, 7.5, 'terasi', 'wiz', 33, '2023-11-14'),
	(2342, 0.3, 'terasi', 'wiz', 34, '2023-11-14'),
	(2343, 1, 'terasi', 'wiz', 35, '2023-11-14'),
	(2344, 0.3, 'terasi', 'wiz', 36, '2023-11-14'),
	(2345, 1, 'terasi', 'wiz', 37, '2023-11-14'),
	(2346, 0.5, 'terasi', 'wiz', 38, '2023-11-14'),
	(2347, 1.5, 'terasi', 'wiz', 39, '2023-11-14'),
	(2348, 0.75, 'terasi', 'wiz', 40, '2023-11-14'),
	(2349, 1.5, 'terasi', 'wiz', 41, '2023-11-14'),
	(2514, 0.3, 'baladewa', 'Sasa', 1, '2023-11-14'),
	(2515, 0.3, 'baladewa', 'Sasa', 2, '2023-11-14'),
	(2516, 0.3, 'baladewa', 'Sasa', 3, '2023-11-14'),
	(2517, 1, 'baladewa', 'Sasa', 4, '2023-11-14'),
	(2518, 0.5, 'baladewa', 'Sasa', 5, '2023-11-14'),
	(2519, 0.75, 'baladewa', 'Sasa', 6, '2023-11-14'),
	(2520, 0.5, 'baladewa', 'Sasa', 7, '2023-11-14'),
	(2521, 0.75, 'baladewa', 'Sasa', 8, '2023-11-14'),
	(2522, 1, 'baladewa', 'Sasa', 9, '2023-11-14'),
	(2523, 1, 'baladewa', 'Sasa', 10, '2023-11-14'),
	(2524, 0.75, 'baladewa', 'Sasa', 11, '2023-11-14'),
	(2525, 0.6, 'baladewa', 'Sasa', 12, '2023-11-14'),
	(2526, 0.6, 'baladewa', 'Sasa', 13, '2023-11-14'),
	(2527, 1, 'baladewa', 'Sasa', 14, '2023-11-14'),
	(2528, 0.5, 'baladewa', 'Sasa', 15, '2023-11-14'),
	(2529, 0.75, 'baladewa', 'Sasa', 16, '2023-11-14'),
	(2530, 0.3, 'baladewa', 'Sasa', 17, '2023-11-14'),
	(2531, 0.3, 'baladewa', 'Sasa', 18, '2023-11-14'),
	(2532, 0.6, 'baladewa', 'Sasa', 19, '2023-11-14'),
	(2533, 1, 'baladewa', 'Sasa', 20, '2023-11-14'),
	(2534, 1, 'baladewa', 'Sasa', 21, '2023-11-14'),
	(2535, 1, 'baladewa', 'Sasa', 22, '2023-11-14'),
	(2536, 1, 'baladewa', 'Sasa', 23, '2023-11-14'),
	(2537, 1, 'baladewa', 'Sasa', 24, '2023-11-14'),
	(2538, 7.5, 'baladewa', 'Sasa', 25, '2023-11-14'),
	(2539, 5, 'baladewa', 'Sasa', 26, '2023-11-14'),
	(2540, 5, 'baladewa', 'Sasa', 27, '2023-11-14'),
	(2541, 2.5, 'baladewa', 'Sasa', 28, '2023-11-14'),
	(2542, 1.5, 'baladewa', 'Sasa', 29, '2023-11-14'),
	(2543, 3.75, 'baladewa', 'Sasa', 30, '2023-11-14'),
	(2544, 3.75, 'baladewa', 'Sasa', 31, '2023-11-14'),
	(2545, 1.67, 'baladewa', 'Sasa', 32, '2023-11-14'),
	(2546, 5, 'baladewa', 'Sasa', 33, '2023-11-14'),
	(2547, 0.3, 'baladewa', 'Sasa', 34, '2023-11-14'),
	(2548, 0.75, 'baladewa', 'Sasa', 35, '2023-11-14'),
	(2549, 1, 'baladewa', 'Sasa', 36, '2023-11-14'),
	(2550, 0.5, 'baladewa', 'Sasa', 37, '2023-11-14'),
	(2551, 0.75, 'baladewa', 'Sasa', 38, '2023-11-14'),
	(2552, 1.13, 'baladewa', 'Sasa', 39, '2023-11-14'),
	(2553, 0.5, 'baladewa', 'Sasa', 40, '2023-11-14'),
	(2554, 2, 'baladewa', 'Sasa', 41, '2023-11-14'),
	(2555, 0.75, 'pilot', 'Sasa', 1, '2023-11-14'),
	(2556, 0.75, 'pilot', 'Sasa', 2, '2023-11-14'),
	(2557, 0.3, 'pilot', 'Sasa', 3, '2023-11-14'),
	(2558, 1, 'pilot', 'Sasa', 4, '2023-11-14'),
	(2559, 1, 'pilot', 'Sasa', 5, '2023-11-14'),
	(2560, 1, 'pilot', 'Sasa', 6, '2023-11-14'),
	(2561, 0.5, 'pilot', 'Sasa', 7, '2023-11-14'),
	(2562, 0.23, 'pilot', 'Sasa', 8, '2023-11-14'),
	(2563, 1, 'pilot', 'Sasa', 9, '2023-11-14'),
	(2564, 1, 'pilot', 'Sasa', 10, '2023-11-14'),
	(2565, 0.5, 'pilot', 'Sasa', 11, '2023-11-14'),
	(2566, 1, 'pilot', 'Sasa', 12, '2023-11-14'),
	(2567, 0.6, 'pilot', 'Sasa', 13, '2023-11-14'),
	(2568, 1, 'pilot', 'Sasa', 14, '2023-11-14'),
	(2569, 0.75, 'pilot', 'Sasa', 15, '2023-11-14'),
	(2570, 0.3, 'pilot', 'Sasa', 16, '2023-11-14'),
	(2571, 0.3, 'pilot', 'Sasa', 17, '2023-11-14'),
	(2572, 1, 'pilot', 'Sasa', 18, '2023-11-14'),
	(2573, 1.5, 'pilot', 'Sasa', 19, '2023-11-14'),
	(2574, 0.75, 'pilot', 'Sasa', 20, '2023-11-14'),
	(2575, 1, 'pilot', 'Sasa', 21, '2023-11-14'),
	(2576, 0.75, 'pilot', 'Sasa', 22, '2023-11-14'),
	(2577, 2, 'pilot', 'Sasa', 23, '2023-11-14'),
	(2578, 1, 'pilot', 'Sasa', 24, '2023-11-14'),
	(2579, 5, 'pilot', 'Sasa', 25, '2023-11-14'),
	(2580, 10, 'pilot', 'Sasa', 26, '2023-11-14'),
	(2581, 7.5, 'pilot', 'Sasa', 27, '2023-11-14'),
	(2582, 3.75, 'pilot', 'Sasa', 28, '2023-11-14'),
	(2583, 1.5, 'pilot', 'Sasa', 29, '2023-11-14'),
	(2584, 1.67, 'pilot', 'Sasa', 30, '2023-11-14'),
	(2585, 3.33, 'pilot', 'Sasa', 31, '2023-11-14'),
	(2586, 1.67, 'pilot', 'Sasa', 32, '2023-11-14'),
	(2587, 7.5, 'pilot', 'Sasa', 33, '2023-11-14'),
	(2588, 0.3, 'pilot', 'Sasa', 34, '2023-11-14'),
	(2589, 1, 'pilot', 'Sasa', 35, '2023-11-14'),
	(2590, 0.5, 'pilot', 'Sasa', 36, '2023-11-14'),
	(2591, 0.75, 'pilot', 'Sasa', 37, '2023-11-14'),
	(2592, 0.75, 'pilot', 'Sasa', 38, '2023-11-14'),
	(2593, 1.13, 'pilot', 'Sasa', 39, '2023-11-14'),
	(2594, 1.13, 'pilot', 'Sasa', 40, '2023-11-14'),
	(2595, 1, 'pilot', 'Sasa', 41, '2023-11-14'),
	(2596, 1, 'terasi', 'Sasa', 1, '2023-11-14'),
	(2597, 0.5, 'terasi', 'Sasa', 2, '2023-11-14'),
	(2598, 0.5, 'terasi', 'Sasa', 3, '2023-11-14'),
	(2599, 1, 'terasi', 'Sasa', 4, '2023-11-14'),
	(2600, 1, 'terasi', 'Sasa', 5, '2023-11-14'),
	(2601, 0.3, 'terasi', 'Sasa', 6, '2023-11-14'),
	(2602, 0.3, 'terasi', 'Sasa', 7, '2023-11-14'),
	(2603, 0.75, 'terasi', 'Sasa', 8, '2023-11-14'),
	(2604, 0.75, 'terasi', 'Sasa', 9, '2023-11-14'),
	(2605, 1, 'terasi', 'Sasa', 10, '2023-11-14'),
	(2606, 0.5, 'terasi', 'Sasa', 11, '2023-11-14'),
	(2607, 1.5, 'terasi', 'Sasa', 12, '2023-11-14'),
	(2608, 0.6, 'terasi', 'Sasa', 13, '2023-11-14'),
	(2609, 0.6, 'terasi', 'Sasa', 14, '2023-11-14'),
	(2610, 1, 'terasi', 'Sasa', 15, '2023-11-14'),
	(2611, 1, 'terasi', 'Sasa', 16, '2023-11-14'),
	(2612, 0.3, 'terasi', 'Sasa', 17, '2023-11-14'),
	(2613, 0.3, 'terasi', 'Sasa', 18, '2023-11-14'),
	(2614, 1.5, 'terasi', 'Sasa', 19, '2023-11-14'),
	(2615, 0.3, 'terasi', 'Sasa', 20, '2023-11-14'),
	(2616, 0.75, 'terasi', 'Sasa', 21, '2023-11-14'),
	(2617, 0.5, 'terasi', 'Sasa', 22, '2023-11-14'),
	(2618, 1.5, 'terasi', 'Sasa', 23, '2023-11-14'),
	(2619, 2, 'terasi', 'Sasa', 24, '2023-11-14'),
	(2620, 3.6, 'terasi', 'Sasa', 25, '2023-11-14'),
	(2621, 7.5, 'terasi', 'Sasa', 26, '2023-11-14'),
	(2622, 10, 'terasi', 'Sasa', 27, '2023-11-14'),
	(2623, 5, 'terasi', 'Sasa', 28, '2023-11-14'),
	(2624, 5, 'terasi', 'Sasa', 29, '2023-11-14'),
	(2625, 1, 'terasi', 'Sasa', 30, '2023-11-14'),
	(2626, 3.75, 'terasi', 'Sasa', 31, '2023-11-14'),
	(2627, 1.67, 'terasi', 'Sasa', 32, '2023-11-14'),
	(2628, 5, 'terasi', 'Sasa', 33, '2023-11-14'),
	(2629, 0.3, 'terasi', 'Sasa', 34, '2023-11-14'),
	(2630, 0.5, 'terasi', 'Sasa', 35, '2023-11-14'),
	(2631, 0.3, 'terasi', 'Sasa', 36, '2023-11-14'),
	(2632, 0.5, 'terasi', 'Sasa', 37, '2023-11-14'),
	(2633, 0.5, 'terasi', 'Sasa', 38, '2023-11-14'),
	(2634, 0.5, 'terasi', 'Sasa', 39, '2023-11-14'),
	(2635, 1.5, 'terasi', 'Sasa', 40, '2023-11-14'),
	(2636, 1.5, 'terasi', 'Sasa', 41, '2023-11-14'),
	(2637, 1, 'semongko', 'Sasa', 1, '2023-11-14'),
	(2638, 0.3, 'semongko', 'Sasa', 2, '2023-11-14'),
	(2639, 0.5, 'semongko', 'Sasa', 3, '2023-11-14'),
	(2640, 0.3, 'semongko', 'Sasa', 4, '2023-11-14'),
	(2641, 0.3, 'semongko', 'Sasa', 5, '2023-11-14'),
	(2642, 0.5, 'semongko', 'Sasa', 6, '2023-11-14'),
	(2643, 0.3, 'semongko', 'Sasa', 7, '2023-11-14'),
	(2644, 0.23, 'semongko', 'Sasa', 8, '2023-11-14'),
	(2645, 0.3, 'semongko', 'Sasa', 9, '2023-11-14'),
	(2646, 0.75, 'semongko', 'Sasa', 10, '2023-11-14'),
	(2647, 0.3, 'semongko', 'Sasa', 11, '2023-11-14'),
	(2648, 2, 'semongko', 'Sasa', 12, '2023-11-14'),
	(2649, 0.6, 'semongko', 'Sasa', 13, '2023-11-14'),
	(2650, 1.5, 'semongko', 'Sasa', 14, '2023-11-14'),
	(2651, 0.75, 'semongko', 'Sasa', 15, '2023-11-14'),
	(2652, 1, 'semongko', 'Sasa', 16, '2023-11-14'),
	(2653, 0.75, 'semongko', 'Sasa', 17, '2023-11-14'),
	(2654, 0.75, 'semongko', 'Sasa', 18, '2023-11-14'),
	(2655, 1, 'semongko', 'Sasa', 19, '2023-11-14'),
	(2656, 0.75, 'semongko', 'Sasa', 20, '2023-11-14'),
	(2657, 0.3, 'semongko', 'Sasa', 21, '2023-11-14'),
	(2658, 0.3, 'semongko', 'Sasa', 22, '2023-11-14'),
	(2659, 1, 'semongko', 'Sasa', 23, '2023-11-14'),
	(2660, 2, 'semongko', 'Sasa', 24, '2023-11-14'),
	(2661, 3.6, 'semongko', 'Sasa', 25, '2023-11-14'),
	(2662, 5, 'semongko', 'Sasa', 26, '2023-11-14'),
	(2663, 7.5, 'semongko', 'Sasa', 27, '2023-11-14'),
	(2664, 5, 'semongko', 'Sasa', 28, '2023-11-14'),
	(2665, 1.5, 'semongko', 'Sasa', 29, '2023-11-14'),
	(2666, 1, 'semongko', 'Sasa', 30, '2023-11-14'),
	(2667, 1.67, 'semongko', 'Sasa', 31, '2023-11-14'),
	(2668, 3.75, 'semongko', 'Sasa', 32, '2023-11-14'),
	(2669, 7.5, 'semongko', 'Sasa', 33, '2023-11-14'),
	(2670, 0.3, 'semongko', 'Sasa', 34, '2023-11-14'),
	(2671, 0.3, 'semongko', 'Sasa', 35, '2023-11-14'),
	(2672, 0.5, 'semongko', 'Sasa', 36, '2023-11-14'),
	(2673, 0.3, 'semongko', 'Sasa', 37, '2023-11-14'),
	(2674, 0.5, 'semongko', 'Sasa', 38, '2023-11-14'),
	(2675, 0.75, 'semongko', 'Sasa', 39, '2023-11-14'),
	(2676, 0.5, 'semongko', 'Sasa', 40, '2023-11-14'),
	(2677, 2, 'semongko', 'Sasa', 41, '2023-11-14'),
	(2678, 0.3, 'aladin', 'Sasa', 1, '2023-11-14'),
	(2679, 1, 'aladin', 'Sasa', 2, '2023-11-14'),
	(2680, 0.3, 'aladin', 'Sasa', 3, '2023-11-14'),
	(2681, 0.3, 'aladin', 'Sasa', 4, '2023-11-14'),
	(2682, 0.3, 'aladin', 'Sasa', 5, '2023-11-14'),
	(2683, 0.3, 'aladin', 'Sasa', 6, '2023-11-14'),
	(2684, 0.5, 'aladin', 'Sasa', 7, '2023-11-14'),
	(2685, 0.38, 'aladin', 'Sasa', 8, '2023-11-14'),
	(2686, 0.5, 'aladin', 'Sasa', 9, '2023-11-14'),
	(2687, 1, 'aladin', 'Sasa', 10, '2023-11-14'),
	(2688, 0.5, 'aladin', 'Sasa', 11, '2023-11-14'),
	(2689, 2, 'aladin', 'Sasa', 12, '2023-11-14'),
	(2690, 0.6, 'aladin', 'Sasa', 13, '2023-11-14'),
	(2691, 2, 'aladin', 'Sasa', 14, '2023-11-14'),
	(2692, 0.3, 'aladin', 'Sasa', 15, '2023-11-14'),
	(2693, 0.75, 'aladin', 'Sasa', 16, '2023-11-14'),
	(2694, 1, 'aladin', 'Sasa', 17, '2023-11-14'),
	(2695, 0.3, 'aladin', 'Sasa', 18, '2023-11-14'),
	(2696, 0.6, 'aladin', 'Sasa', 19, '2023-11-14'),
	(2697, 0.3, 'aladin', 'Sasa', 20, '2023-11-14'),
	(2698, 0.5, 'aladin', 'Sasa', 21, '2023-11-14'),
	(2699, 0.75, 'aladin', 'Sasa', 22, '2023-11-14'),
	(2700, 1, 'aladin', 'Sasa', 23, '2023-11-14'),
	(2701, 0.6, 'aladin', 'Sasa', 24, '2023-11-14'),
	(2702, 5, 'aladin', 'Sasa', 25, '2023-11-14'),
	(2703, 3.6, 'aladin', 'Sasa', 26, '2023-11-14'),
	(2704, 10, 'aladin', 'Sasa', 27, '2023-11-14'),
	(2705, 5, 'aladin', 'Sasa', 28, '2023-11-14'),
	(2706, 1.5, 'aladin', 'Sasa', 29, '2023-11-14'),
	(2707, 3.75, 'aladin', 'Sasa', 30, '2023-11-14'),
	(2708, 1.67, 'aladin', 'Sasa', 31, '2023-11-14'),
	(2709, 1, 'aladin', 'Sasa', 32, '2023-11-14'),
	(2710, 3.6, 'aladin', 'Sasa', 33, '2023-11-14'),
	(2711, 0.75, 'aladin', 'Sasa', 34, '2023-11-14'),
	(2712, 0.5, 'aladin', 'Sasa', 35, '2023-11-14'),
	(2713, 0.5, 'aladin', 'Sasa', 36, '2023-11-14'),
	(2714, 0.75, 'aladin', 'Sasa', 37, '2023-11-14'),
	(2715, 0.75, 'aladin', 'Sasa', 38, '2023-11-14'),
	(2716, 1.13, 'aladin', 'Sasa', 39, '2023-11-14'),
	(2717, 0.75, 'aladin', 'Sasa', 40, '2023-11-14'),
	(2718, 2, 'aladin', 'Sasa', 41, '2023-11-14'),
	(2719, 1, 'ampibi', 'Sasa', 1, '2023-11-14'),
	(2720, 0.3, 'ampibi', 'Sasa', 2, '2023-11-14'),
	(2721, 0.75, 'ampibi', 'Sasa', 3, '2023-11-14'),
	(2722, 0.3, 'ampibi', 'Sasa', 4, '2023-11-14'),
	(2723, 0.75, 'ampibi', 'Sasa', 5, '2023-11-14'),
	(2724, 0.5, 'ampibi', 'Sasa', 6, '2023-11-14'),
	(2725, 1, 'ampibi', 'Sasa', 7, '2023-11-14'),
	(2726, 0.23, 'ampibi', 'Sasa', 8, '2023-11-14'),
	(2727, 0.75, 'ampibi', 'Sasa', 9, '2023-11-14'),
	(2728, 0.3, 'ampibi', 'Sasa', 10, '2023-11-14'),
	(2729, 0.75, 'ampibi', 'Sasa', 11, '2023-11-14'),
	(2730, 2, 'ampibi', 'Sasa', 12, '2023-11-14'),
	(2731, 0.6, 'ampibi', 'Sasa', 13, '2023-11-14'),
	(2732, 0.6, 'ampibi', 'Sasa', 14, '2023-11-14'),
	(2733, 0.5, 'ampibi', 'Sasa', 15, '2023-11-14'),
	(2734, 1, 'ampibi', 'Sasa', 16, '2023-11-14'),
	(2735, 1, 'ampibi', 'Sasa', 17, '2023-11-14'),
	(2736, 0.5, 'ampibi', 'Sasa', 18, '2023-11-14'),
	(2737, 2, 'ampibi', 'Sasa', 19, '2023-11-14'),
	(2738, 0.75, 'ampibi', 'Sasa', 20, '2023-11-14'),
	(2739, 0.5, 'ampibi', 'Sasa', 21, '2023-11-14'),
	(2740, 0.5, 'ampibi', 'Sasa', 22, '2023-11-14'),
	(2741, 2, 'ampibi', 'Sasa', 23, '2023-11-14'),
	(2742, 1.5, 'ampibi', 'Sasa', 24, '2023-11-14'),
	(2743, 7.5, 'ampibi', 'Sasa', 25, '2023-11-14'),
	(2744, 10, 'ampibi', 'Sasa', 26, '2023-11-14'),
	(2745, 3.6, 'ampibi', 'Sasa', 27, '2023-11-14'),
	(2746, 5, 'ampibi', 'Sasa', 28, '2023-11-14'),
	(2747, 3.75, 'ampibi', 'Sasa', 29, '2023-11-14'),
	(2748, 1, 'ampibi', 'Sasa', 30, '2023-11-14'),
	(2749, 1.67, 'ampibi', 'Sasa', 31, '2023-11-14'),
	(2750, 1, 'ampibi', 'Sasa', 32, '2023-11-14'),
	(2751, 7.5, 'ampibi', 'Sasa', 33, '2023-11-14'),
	(2752, 0.75, 'ampibi', 'Sasa', 34, '2023-11-14'),
	(2753, 1, 'ampibi', 'Sasa', 35, '2023-11-14'),
	(2754, 0.5, 'ampibi', 'Sasa', 36, '2023-11-14'),
	(2755, 0.75, 'ampibi', 'Sasa', 37, '2023-11-14'),
	(2756, 0.3, 'ampibi', 'Sasa', 38, '2023-11-14'),
	(2757, 1.5, 'ampibi', 'Sasa', 39, '2023-11-14'),
	(2758, 0.5, 'ampibi', 'Sasa', 40, '2023-11-14'),
	(2759, 1, 'ampibi', 'Sasa', 41, '2023-11-14'),
	(2760, 0.75, 'sugoi', 'Sasa', 1, '2023-11-14'),
	(2761, 0.75, 'sugoi', 'Sasa', 2, '2023-11-14'),
	(2762, 0.75, 'sugoi', 'Sasa', 3, '2023-11-14'),
	(2763, 1, 'sugoi', 'Sasa', 4, '2023-11-14'),
	(2764, 0.75, 'sugoi', 'Sasa', 5, '2023-11-14'),
	(2765, 0.75, 'sugoi', 'Sasa', 6, '2023-11-14'),
	(2766, 0.75, 'sugoi', 'Sasa', 7, '2023-11-14'),
	(2767, 0.75, 'sugoi', 'Sasa', 8, '2023-11-14'),
	(2768, 0.5, 'sugoi', 'Sasa', 9, '2023-11-14'),
	(2769, 0.75, 'sugoi', 'Sasa', 10, '2023-11-14'),
	(2770, 0.5, 'sugoi', 'Sasa', 11, '2023-11-14'),
	(2771, 1, 'sugoi', 'Sasa', 12, '2023-11-14'),
	(2772, 0.6, 'sugoi', 'Sasa', 13, '2023-11-14'),
	(2773, 1, 'sugoi', 'Sasa', 14, '2023-11-14'),
	(2774, 0.75, 'sugoi', 'Sasa', 15, '2023-11-14'),
	(2775, 1, 'sugoi', 'Sasa', 16, '2023-11-14'),
	(2776, 1, 'sugoi', 'Sasa', 17, '2023-11-14'),
	(2777, 1, 'sugoi', 'Sasa', 18, '2023-11-14'),
	(2778, 2, 'sugoi', 'Sasa', 19, '2023-11-14'),
	(2779, 0.5, 'sugoi', 'Sasa', 20, '2023-11-14'),
	(2780, 0.3, 'sugoi', 'Sasa', 21, '2023-11-14'),
	(2781, 1, 'sugoi', 'Sasa', 22, '2023-11-14'),
	(2782, 1, 'sugoi', 'Sasa', 23, '2023-11-14'),
	(2783, 2, 'sugoi', 'Sasa', 24, '2023-11-14'),
	(2784, 7.5, 'sugoi', 'Sasa', 25, '2023-11-14'),
	(2785, 3.6, 'sugoi', 'Sasa', 26, '2023-11-14'),
	(2786, 5, 'sugoi', 'Sasa', 27, '2023-11-14'),
	(2787, 3.75, 'sugoi', 'Sasa', 28, '2023-11-14'),
	(2788, 1.5, 'sugoi', 'Sasa', 29, '2023-11-14'),
	(2789, 3.75, 'sugoi', 'Sasa', 30, '2023-11-14'),
	(2790, 3.33, 'sugoi', 'Sasa', 31, '2023-11-14'),
	(2791, 3.75, 'sugoi', 'Sasa', 32, '2023-11-14'),
	(2792, 5, 'sugoi', 'Sasa', 33, '2023-11-14'),
	(2793, 1, 'sugoi', 'Sasa', 34, '2023-11-14'),
	(2794, 0.5, 'sugoi', 'Sasa', 35, '2023-11-14'),
	(2795, 0.3, 'sugoi', 'Sasa', 36, '2023-11-14'),
	(2796, 0.75, 'sugoi', 'Sasa', 37, '2023-11-14'),
	(2797, 1, 'sugoi', 'Sasa', 38, '2023-11-14'),
	(2798, 0.5, 'sugoi', 'Sasa', 39, '2023-11-14'),
	(2799, 1.5, 'sugoi', 'Sasa', 40, '2023-11-14'),
	(2800, 1.5, 'sugoi', 'Sasa', 41, '2023-11-14'),
	(2801, 0.75, 'ares', 'Sasa', 1, '2023-11-14'),
	(2802, 0.5, 'ares', 'Sasa', 2, '2023-11-14'),
	(2803, 0.75, 'ares', 'Sasa', 3, '2023-11-14'),
	(2804, 0.75, 'ares', 'Sasa', 4, '2023-11-14'),
	(2805, 0.3, 'ares', 'Sasa', 5, '2023-11-14'),
	(2806, 0.3, 'ares', 'Sasa', 6, '2023-11-14'),
	(2807, 1, 'ares', 'Sasa', 7, '2023-11-14'),
	(2808, 0.56, 'ares', 'Sasa', 8, '2023-11-14'),
	(2809, 0.5, 'ares', 'Sasa', 9, '2023-11-14'),
	(2810, 0.75, 'ares', 'Sasa', 10, '2023-11-14'),
	(2811, 0.75, 'ares', 'Sasa', 11, '2023-11-14'),
	(2812, 1.5, 'ares', 'Sasa', 12, '2023-11-14'),
	(2813, 1.5, 'ares', 'Sasa', 13, '2023-11-14'),
	(2814, 1, 'ares', 'Sasa', 14, '2023-11-14'),
	(2815, 0.3, 'ares', 'Sasa', 15, '2023-11-14'),
	(2816, 0.5, 'ares', 'Sasa', 16, '2023-11-14'),
	(2817, 1, 'ares', 'Sasa', 17, '2023-11-14'),
	(2818, 1, 'ares', 'Sasa', 18, '2023-11-14'),
	(2819, 1, 'ares', 'Sasa', 19, '2023-11-14'),
	(2820, 0.75, 'ares', 'Sasa', 20, '2023-11-14'),
	(2821, 0.5, 'ares', 'Sasa', 21, '2023-11-14'),
	(2822, 0.3, 'ares', 'Sasa', 22, '2023-11-14'),
	(2823, 0.6, 'ares', 'Sasa', 23, '2023-11-14'),
	(2824, 2, 'ares', 'Sasa', 24, '2023-11-14'),
	(2825, 7.5, 'ares', 'Sasa', 25, '2023-11-14'),
	(2826, 10, 'ares', 'Sasa', 26, '2023-11-14'),
	(2827, 7.5, 'ares', 'Sasa', 27, '2023-11-14'),
	(2828, 1.5, 'ares', 'Sasa', 28, '2023-11-14'),
	(2829, 5, 'ares', 'Sasa', 29, '2023-11-14'),
	(2830, 3.75, 'ares', 'Sasa', 30, '2023-11-14'),
	(2831, 3.75, 'ares', 'Sasa', 31, '2023-11-14'),
	(2832, 3.33, 'ares', 'Sasa', 32, '2023-11-14'),
	(2833, 7.5, 'ares', 'Sasa', 33, '2023-11-14'),
	(2834, 0.3, 'ares', 'Sasa', 34, '2023-11-14'),
	(2835, 0.3, 'ares', 'Sasa', 35, '2023-11-14'),
	(2836, 1, 'ares', 'Sasa', 36, '2023-11-14'),
	(2837, 0.75, 'ares', 'Sasa', 37, '2023-11-14'),
	(2838, 1, 'ares', 'Sasa', 38, '2023-11-14'),
	(2839, 0.5, 'ares', 'Sasa', 39, '2023-11-14'),
	(2840, 0.5, 'ares', 'Sasa', 40, '2023-11-14'),
	(2841, 1, 'ares', 'Sasa', 41, '2023-11-14'),
	(2842, 0.5, 'coc', 'Sasa', 1, '2023-11-14'),
	(2843, 0.3, 'coc', 'Sasa', 2, '2023-11-14'),
	(2844, 0.75, 'coc', 'Sasa', 3, '2023-11-14'),
	(2845, 0.3, 'coc', 'Sasa', 4, '2023-11-14'),
	(2846, 0.5, 'coc', 'Sasa', 5, '2023-11-14'),
	(2847, 0.75, 'coc', 'Sasa', 6, '2023-11-14'),
	(2848, 1, 'coc', 'Sasa', 7, '2023-11-14'),
	(2849, 0.38, 'coc', 'Sasa', 8, '2023-11-14'),
	(2850, 0.3, 'coc', 'Sasa', 9, '2023-11-14'),
	(2851, 1, 'coc', 'Sasa', 10, '2023-11-14'),
	(2852, 0.75, 'coc', 'Sasa', 11, '2023-11-14'),
	(2853, 2, 'coc', 'Sasa', 12, '2023-11-14'),
	(2854, 2, 'coc', 'Sasa', 13, '2023-11-14'),
	(2855, 1.5, 'coc', 'Sasa', 14, '2023-11-14'),
	(2856, 0.5, 'coc', 'Sasa', 15, '2023-11-14'),
	(2857, 0.3, 'coc', 'Sasa', 16, '2023-11-14'),
	(2858, 0.75, 'coc', 'Sasa', 17, '2023-11-14'),
	(2859, 0.75, 'coc', 'Sasa', 18, '2023-11-14'),
	(2860, 0.6, 'coc', 'Sasa', 19, '2023-11-14'),
	(2861, 0.75, 'coc', 'Sasa', 20, '2023-11-14'),
	(2862, 0.5, 'coc', 'Sasa', 21, '2023-11-14'),
	(2863, 0.75, 'coc', 'Sasa', 22, '2023-11-14'),
	(2864, 2, 'coc', 'Sasa', 23, '2023-11-14'),
	(2865, 0.6, 'coc', 'Sasa', 24, '2023-11-14'),
	(2866, 3.6, 'coc', 'Sasa', 25, '2023-11-14'),
	(2867, 7.5, 'coc', 'Sasa', 26, '2023-11-14'),
	(2868, 3.6, 'coc', 'Sasa', 27, '2023-11-14'),
	(2869, 2.5, 'coc', 'Sasa', 28, '2023-11-14'),
	(2870, 1.5, 'coc', 'Sasa', 29, '2023-11-14'),
	(2871, 3.75, 'coc', 'Sasa', 30, '2023-11-14'),
	(2872, 1.67, 'coc', 'Sasa', 31, '2023-11-14'),
	(2873, 3.33, 'coc', 'Sasa', 32, '2023-11-14'),
	(2874, 10, 'coc', 'Sasa', 33, '2023-11-14'),
	(2875, 0.75, 'coc', 'Sasa', 34, '2023-11-14'),
	(2876, 1, 'coc', 'Sasa', 35, '2023-11-14'),
	(2877, 0.5, 'coc', 'Sasa', 36, '2023-11-14'),
	(2878, 1, 'coc', 'Sasa', 37, '2023-11-14'),
	(2879, 0.3, 'coc', 'Sasa', 38, '2023-11-14'),
	(2880, 0.5, 'coc', 'Sasa', 39, '2023-11-14'),
	(2881, 1.13, 'coc', 'Sasa', 40, '2023-11-14'),
	(2882, 2, 'coc', 'Sasa', 41, '2023-11-14');

-- Dumping structure for table db_logistic.questions_lapangan
CREATE TABLE IF NOT EXISTS `questions_lapangan` (
  `question_id` int NOT NULL AUTO_INCREMENT,
  `question_text` varchar(300) CHARACTER SET utf8mb4 COLLATE utf8mb4_general_ci DEFAULT NULL,
  `subcriteria_id` int DEFAULT NULL,
  PRIMARY KEY (`question_id`),
  KEY `FKer5fscwrkeb64njtwe1y8xjvp` (`subcriteria_id`),
  CONSTRAINT `FKer5fscwrkeb64njtwe1y8xjvp` FOREIGN KEY (`subcriteria_id`) REFERENCES `subcriteria_lapangan` (`subcriteria_id`)
) ENGINE=InnoDB AUTO_INCREMENT=42 DEFAULT CHARSET=utf8mb4 COLLATE=utf8mb4_general_ci;

-- Dumping data for table db_logistic.questions_lapangan: ~39 rows (approximately)
INSERT INTO `questions_lapangan` (`question_id`, `question_text`, `subcriteria_id`) VALUES
	(1, '1. Melakukan identifikasi dan membuat stratifikasi masalah (problem/persoalan)\r\n', 1),
	(2, '2. Memilih project improvement/inovasi berdasarkan data & fakta melalui penggunaan quality methode dan tools secara maksimal (baik dan benar)\r\n', 1),
	(3, '3. Menjelaskan alasan kenapa proyek perbaikan tersebut dipilih\r\n', 1),
	(4, '1. Menjelaskan proyek perbaikan (improvement/inovasi) yang terseleksi mempunyai potensi pengaruh positif terhadap tujuan (strategi) perusahaan\r\n\r\n', 2),
	(5, '2. Teridentifikasi tingkat kesulitan (kompleksitas) masalah / pelaksanaan perbaikan dari proyek yang terseleksi\r\n\r\n', 2),
	(6, '3. Tercermin harapan Customer dan/atau Stakeholders terhadap proyek perbaikan (improvement/inovasi) yang akan dilaksanakan\r\n\r\n', 2),
	(7, '1. Mengidentifikasi Stakeholders yang bisa involve (terlibat) maupun yang dapat memberikan support dalam proyek perbaikan (improvement/inovasi)\r\n', 3),
	(8, '2. Mengidentifikasi Stakeholders yang resisten (menghambat), sehingga menjadikan tantangan terhadap proyek perbaikan (improvement/inovasi) \r\n', 3),
	(9, '3. Menjelaskan bagaimana mereka (stakeholders) akan bisa memberikan dampak positif terhadap proyek perbaikan (Improvement/inovasi)\r\n', 3),
	(10, '1. Target (sasaran) yang ditetapkan mencakup QCDSMP\r\n', 4),
	(11, '2. Penetapan sasaran jangka pendek, dan sasaran tersebut menjadi bagian dari tujuan perbaikan\r\n', 4),
	(12, 'Target (sasaran) jelas dan menantang\r\n\r\n', 5),
	(13, 'Prediksi manfaat dan masalah potensial\r\n\r\n', 6),
	(14, 'Verifikasi stakeholders yang terkait dengan proyek perbaikan\r\n\r\n', 7),
	(15, '1. Akar masalah teridentifikasi dengan jelas dan dapat dibuktikan\r\n', 8),
	(16, '2. Munculnya akar penyebab dari akar masalah pada suatu faktor yang telah dikembangkan\r\n', 8),
	(17, '3. Identifikasi dan validasi (memiliki akurasi penentuan) faktor penyebab dominan (akar penyebab masalah utama)\r\n', 8),
	(18, '4. Kesesuaian masalah dengan prioritas penanganan faktor penyebab dominan\r\n', 8),
	(19, 'Aktualisasi dan keterlibatan team & stakeholders dalam mengembangkan pola hubungan sebab akibat\r\n', 9),
	(20, '1. Menjelaskan metode dan quality tools yang digunakan untuk mencari dan memilih ide perbaikan serta menentukan penanggulangan\r\n', 10),
	(21, '2. Menjelaskan kreatifitas team & stakeholders dalam menemukan alternatif solusi (improvement actions) dan parameter kelebihan serta analisa resiko (kekurangannya)\r\n', 10),
	(22, '3. Menjelaskan keterlibatan team & stakeholders dalam menemukan alternatif solusi (improvement actions) dan parameter kelebihan serta analisa resiko (kekurangannya)\r\n', 10),
	(23, '1. Menjelaskan tentang final solutions/improvement actions, validasi dan benefit/kemampuan dalam menjawab kebutuhan yang diharapkan terhadap inovasi/improvement actions yang akan dilakukan\r\n', 11),
	(24, '2. Menguraikan detail rencana project (5W2H), termasuk distribusi peranan dan keterlibatan stakeholders dalam melakukan perbaikan \r\n', 11),
	(25, '1. Memiliki sistem pantau (monitoring) atas proses pelaksanaan tindakan perbaikan yang dilakukan\r\n', 12),
	(26, '2. Menjelaskan bagaimana mengidentifikasikan serta mengalokasikan hambatan-hambatan (baik yang nyata atau potensial) yang muncul, serta memastikan keterlibatan team & stakeholders untuk meyepakati (buy-in) atas corrective action yang telah ditentukan serta dampaknya\r\n', 12),
	(27, 'Semua anggota Tim memahami perubahan-perubahan yang terjadi di dalam improvement yang dibuat terhadap kondisi sebelumnya (kondisi awal)\r\n', 13),
	(28, '1. Ada analisis komparasi yg valid & tepat serta kesimpulan analisis/faktor penyebab yg belum teratasi\r\n', 14),
	(29, '2. Tools yang dipakai, alasan penggunaan & hasilnya\r\n', 14),
	(30, '1. Manfaat tangible & intangible\r\n', 15),
	(31, '2. Ada hasil-hasil positif lain yang timbul, tapi bukan sasaran penanggulangan/perbaikan yang telah dilaksanakan\r\n', 15),
	(32, '3. Ada analisis dampak terhadap hasil-hasil lain (apakah hasil perbaikan menimbulkan efek samping?) Bila ada, bagaimana tindakan untuk eliminasi hal tersebut? Hasilnya efisien?\r\n', 15),
	(33, 'Proyek perbaikan memberikan kontribusi/ dampak nyata terhadap tujuan perusahaan/plant/divisi/departement  dan stakeholders\r\n', 16),
	(34, '1. Pendekatan sistem atas standar baru\r\nmeliputi standar masukan, proses dan hasil. Dan standar baru tersebut mudah dipahami (informatif)\r\n', 17),
	(35, '2. Kualitas standar pengendalian dan pencegahan terhadap timbulnya masalah (lama atau baru)\r\n', 17),
	(36, '3. Standar baru lebih efektif dan aplikatif dari pada sebelumnya\r\n', 17),
	(37, '4. Standar baru telah dikomunikasikan, sudah diserah terimakan dan dapat diterapkan di tempat lain\r\n', 17),
	(38, '5. Bila terjadi non-conformance (ada peringatan otomatis/tidak otomatis/tidak ada peringatan)\r\n', 17),
	(39, '1. Memiliki kegiatan/tahapan/aktifitas yang menjamin pelaksanaan standar baru secara efektif', 18),
	(40, '2. Memiliki cara melakukan monitoring dan mengevaluasi standar baru\r\n', 18),
	(41, 'Identifikasi & Penetapan Rencana Berikutnya \r\n', 19);

-- Dumping structure for table db_logistic.subcriteria_lapangan
CREATE TABLE IF NOT EXISTS `subcriteria_lapangan` (
  `subcriteria_id` int NOT NULL AUTO_INCREMENT,
  `subcriteria_name` varchar(255) COLLATE utf8mb4_general_ci DEFAULT NULL,
  `criteria_id` int DEFAULT NULL,
  PRIMARY KEY (`subcriteria_id`),
  KEY `FKd17jsp88aroh433el5xihkeam` (`criteria_id`),
  CONSTRAINT `FKd17jsp88aroh433el5xihkeam` FOREIGN KEY (`criteria_id`) REFERENCES `criteria_lapangan` (`criteria_id`)
) ENGINE=InnoDB AUTO_INCREMENT=27 DEFAULT CHARSET=utf8mb4 COLLATE=utf8mb4_general_ci;

-- Dumping data for table db_logistic.subcriteria_lapangan: ~19 rows (approximately)
INSERT INTO `subcriteria_lapangan` (`subcriteria_id`, `subcriteria_name`, `criteria_id`) VALUES
	(1, 'A. Menjelaskan methode, quality tools dan data dalam memilih suatu project\r\n', 1),
	(2, 'B. Tema terkait dengan tujuan & strategi bisnis/perusahaan', 1),
	(3, 'C. Stakeholders Involvement (Keterlibatan Stakeholders) : Pemegang Saham, Customer, Karyawan (Atasan/Bawahan), Pemerintah, Supplier, Community dan Lingkungan\r\n', 1),
	(4, 'D .Target (sasaran) sesuai dengan tema\r\n', 2),
	(5, 'E. Target (sasaran) jelas dan menantang\r\n', 2),
	(6, 'F. Prediksi manfaat dan masalah potensial\r\n', 2),
	(7, 'G. Verifikasi stakeholders yang terkait dengan proyek perbaikan\r\n', 2),
	(8, 'H. Pendekatan/proses yang digunakan untuk mengidentifikasi potensi akar penyebab masalah utama/kemungkinan perbaikan\r\n', 3),
	(9, 'I. Aktualisasi dan keterlibatan team & stakeholders dalam mengembangkan pola hubungan sebab akibat\r\n', 3),
	(10, 'J. Menjelaskan metode dan quality tools yaang digunakan dalam pengembangan solusi dan inovasi/improvement actions\r\n', 4),
	(11, 'K. Kualitas ide solusi / inovation actions\r\n', 4),
	(12, 'L. Menjelaskan pendekatan yang digunakan untuk menerapkan tindakan solusi/improvement dan memastikan hasil yang ingin dicapai\r\n', 5),
	(13, 'M. Semua anggota Tim memahami perubahan-perubahan yang terjadi di dalam improvement yang dibuat terhadap kondisi sebelumnya (kondisi awal)\r\n', 5),
	(14, 'N. Tingkat pencapaian perbaikan dibandingkan dengan target (sasaran) akhir / antara\r\n', 6),
	(15, 'O. Kuantifikasi dampak solusi/improvement actions\r\n\r\n', 6),
	(16, 'P. Proyek perbaikan memberikan kontribusi/ dampak nyata terhadap tujuan perusahaan/plant/divisi/departement  dan stakeholders\r\n\r\n', 6),
	(17, 'Q. Standarisasi', 7),
	(18, 'R. Menjamin pelaksanaan standar baru\r\n', 7),
	(19, 'S. Identifikasi & Penetapan Rencana Berikutnya \r\n', 7);

-- Dumping structure for table db_logistic.teams
CREATE TABLE IF NOT EXISTS `teams` (
  `team_id` int NOT NULL AUTO_INCREMENT,
  `team_name` varchar(255) COLLATE utf8mb4_general_ci DEFAULT NULL,
  PRIMARY KEY (`team_id`)
) ENGINE=InnoDB AUTO_INCREMENT=10 DEFAULT CHARSET=utf8mb4 COLLATE=utf8mb4_general_ci;

-- Dumping data for table db_logistic.teams: ~9 rows (approximately)
INSERT INTO `teams` (`team_id`, `team_name`) VALUES
	(1, 'coc'),
	(2, 'sugoi'),
	(3, 'aladin'),
	(4, 'ampibi'),
	(5, 'terasi'),
	(6, 'pilot'),
	(7, 'semongko'),
	(8, 'ares'),
	(9, 'baladewa');

-- Dumping structure for table db_logistic.users
CREATE TABLE IF NOT EXISTS `users` (
  `users_id` int NOT NULL AUTO_INCREMENT,
  `nip` varchar(255) CHARACTER SET utf8mb4 COLLATE utf8mb4_general_ci NOT NULL,
  `username` varchar(255) COLLATE utf8mb4_general_ci DEFAULT NULL,
  `password` varchar(255) CHARACTER SET utf8mb4 COLLATE utf8mb4_general_ci DEFAULT NULL,
  `role` varchar(255) CHARACTER SET utf8mb4 COLLATE utf8mb4_general_ci DEFAULT NULL,
  PRIMARY KEY (`users_id`),
  UNIQUE KEY `UK_e72fwutcg2xou2qg41w9bn5ed` (`nip`)
) ENGINE=InnoDB AUTO_INCREMENT=77 DEFAULT CHARSET=utf8mb4 COLLATE=utf8mb4_general_ci;

-- Dumping data for table db_logistic.users: ~1 rows (approximately)
INSERT INTO `users` (`users_id`, `nip`, `username`, `password`, `role`) VALUES
	(1, '1', 'admin', 'admin', 'admin'),
	(69, '123', 'wiz', '123', 'user'),
	(75, '2222', 'bagas', '2222', 'user'),
	(76, '1111', 'Sasa', '1111', 'user');

/*!40103 SET TIME_ZONE=IFNULL(@OLD_TIME_ZONE, 'system') */;
/*!40101 SET SQL_MODE=IFNULL(@OLD_SQL_MODE, '') */;
/*!40014 SET FOREIGN_KEY_CHECKS=IFNULL(@OLD_FOREIGN_KEY_CHECKS, 1) */;
/*!40101 SET CHARACTER_SET_CLIENT=@OLD_CHARACTER_SET_CLIENT */;
/*!40111 SET SQL_NOTES=IFNULL(@OLD_SQL_NOTES, 1) */;
